# Utah FORGE well 16A(78)-32 directional survey: 422 accepted stations, COMPASS Design Report
# dated 19-Dec-20 (last survey 2-Nov-20), client University of Utah, field Forge.
# Primary publication: GDR submission 1283, Utah FORGE: Well 16A(78)-32 Drilling Data,
#   https://gdr.openei.org/submissions/1283 (not reachable from the build network).
# source: https://raw.githubusercontent.com/d-chambers/forgery/main/src/forgery/data/well_data/16A_survey.csv (copy of the report; accessed 2026-09-26)
# Columns copied verbatim from the report: Measured depth, Incl angle, Azimuth angle, TVD,
# Displ +N/S-, Displ +E/W- (all lengths US survey feet, angles degrees, azimuth grid north:
# the report applies 'Total az corr = magnetic dec - grid conv' = 12.47 deg).
# Report reference point: Latitude(+N/S-) 13987645.19 usft, Departure(+E/W-) 1097896.92 usft
# (UTM zone 12N in US survey feet); GL 5414 usft, KB/DF 5444 usft above Mean Sea Level;
# positions by Minimum Curvature. Not modified.
md,incDeg,aziDeg,tvd,ns,ew
0,0,0,0,0,0
80,0.34,324.91,80,0.19,-0.14
175,0.33,322.79,175,0.64,-0.46
267,0.47,312.36,267,1.11,-0.9
359,0.36,310.55,358.99,1.55,-1.4
453,0.03,309.87,452.99,1.76,-1.64
548,0.56,157.85,547.99,1.34,-1.49
643,0.59,172.48,642.99,0.43,-1.25
739,0.51,198.76,738.98,-0.47,-1.32
833,0.84,191.72,832.98,-1.54,-1.6
928,1.24,186.85,927.96,-3.24,-1.86
1022,1.62,188.31,1021.93,-5.56,-2.17
1117,1.93,182.52,1116.88,-8.49,-2.44
1211,2.07,175.74,1210.83,-11.76,-2.38
1306,1.68,171.17,1305.78,-14.85,-2.04
1402,1.19,173.45,1401.75,-17.23,-1.71
1497,0.7,142.32,1496.73,-18.67,-1.24
1592,0.72,125.01,1591.73,-19.47,-0.4
1687,0.82,118.93,1686.72,-20.15,0.68
1783,0.87,95.89,1782.71,-20.55,2.01
1878,1,65.55,1877.7,-20.28,3.48
1974,1.14,14.63,1973.68,-19.01,4.49
2069,1.16,321.31,2068.66,-17.35,4.12
2164,1.04,278.62,2163.65,-16.47,2.67
2258,0.87,236.76,2257.64,-16.73,1.23
2352,0.71,163.66,2351.63,-17.68,0.8
2446,0.74,107.66,2445.62,-18.42,1.54
2540,0.76,48.82,2539.62,-18.2,2.59
2634,1.13,359.64,2633.6,-16.86,3.05
2729,1.21,312.16,2728.59,-15.25,2.3
2823,1.01,262.95,2822.57,-14.69,0.74
2918,0.63,188.09,2917.56,-15.31,-0.16
3013,1.04,123.23,3012.56,-16.3,0.49
3107,1.38,79.63,3106.54,-16.56,2.31
3201,1.54,28.28,3200.51,-15.24,4.02
3295,1.3,349.04,3294.48,-13.08,4.42
3390,0.99,291.49,3389.47,-11.72,3.45
3484,0.81,250.73,3483.46,-11.65,2.07
3578,0.48,184.81,3577.45,-12.26,1.41
3673,0.75,95.07,3672.45,-12.71,1.99
3766,1.46,59.45,3765.43,-12.16,3.62
3862,1.71,33.75,3861.39,-10.35,5.47
3956,1.66,3.11,3955.36,-7.82,6.32
4051,1.35,327.79,4050.32,-5.5,5.8
4146,1.12,281.82,4145.3,-4.36,4.3
4241,0.84,230.53,4240.29,-4.62,2.85
4335,1.07,183.14,4334.28,-5.93,2.27
4430,1.11,116.98,4429.27,-7.23,3.04
4524,1.45,32.77,4523.25,-6.65,4.5
4618,1.64,341.93,4617.22,-4.37,4.72
4713,1.45,284.79,4712.19,-2.77,3.14
4807,1.13,233.6,4806.17,-3.02,1.24
4902,1.21,185.35,4901.15,-4.57,0.4
4997,1.6,134.6,4996.13,-6.5,1.25
5007,1.57,131.93,5006.12,-6.69,1.45
5017,1.54,129.15,5016.12,-6.87,1.65
5027,1.51,126.28,5026.12,-7.03,1.86
5037,1.49,123.33,5036.11,-7.18,2.08
5047,1.48,120.3,5046.11,-7.32,2.3
5057,1.46,117.22,5056.11,-7.44,2.52
5067,1.46,114.09,5066.1,-7.55,2.75
5077,1.45,110.94,5076.1,-7.65,2.99
5087,1.46,107.78,5086.1,-7.73,3.23
5097,1.46,104.64,5096.09,-7.8,3.47
5107,1.47,101.54,5106.09,-7.86,3.72
5117,1.49,98.48,5116.09,-7.9,3.98
5127,1.5,95.49,5126.08,-7.94,4.23
5137,1.53,92.58,5136.08,-7.95,4.5
5147,1.55,89.76,5146.08,-7.96,4.77
5157,1.58,87.04,5156.07,-7.95,5.04
5167,1.58,85.49,5166.07,-7.93,5.31
5177,1.56,84.02,5176.06,-7.91,5.59
5187,1.55,82.52,5186.06,-7.88,5.86
5197,1.54,81.01,5196.06,-7.84,6.12
5207,1.53,79.47,5206.05,-7.79,6.39
5217,1.52,77.91,5216.05,-7.74,6.65
5227,1.51,76.33,5226.05,-7.68,6.91
5237,1.51,74.74,5236.04,-7.62,7.16
5247,1.5,73.14,5246.04,-7.54,7.41
5257,1.5,71.38,5256.04,-7.46,7.66
5267,1.49,68.16,5266.03,-7.37,7.91
5277,1.48,64.92,5276.03,-7.27,8.15
5287,1.48,61.67,5286.03,-7.15,8.38
5297,1.49,58.44,5296.02,-7.03,8.6
5307,1.5,55.24,5306.02,-6.88,8.82
5317,1.52,52.1,5316.02,-6.73,9.03
5327,1.54,49.03,5326.01,-6.56,9.24
5337,1.56,46.04,5336.01,-6.37,9.44
5347,1.59,43.16,5346,-6.18,9.63
5357,1.53,40.89,5356,-5.98,9.81
5367,1.46,38.32,5366,-5.78,9.98
5377,1.4,35.51,5375.99,-5.58,10.13
5387,1.33,32.44,5385.99,-5.38,10.26
5397,1.28,29.08,5395.99,-5.18,10.38
5407,1.23,25.43,5405.99,-4.99,10.48
5417,1.18,21.46,5415.98,-4.8,10.56
5427,1.14,17.2,5425.98,-4.61,10.63
5437,1.11,12.65,5435.98,-4.42,10.68
5447,1.03,9.93,5445.98,-4.23,10.72
5457,0.9,10.09,5455.98,-4.07,10.75
5467,0.76,10.32,5465.98,-3.92,10.77
5477,0.62,10.64,5475.98,-3.81,10.79
5487,0.49,11.14,5485.97,-3.71,10.81
5497,0.35,12.02,5495.97,-3.64,10.83
5507,0.21,14.04,5505.97,-3.59,10.84
5517,0.08,22.99,5515.97,-3.57,10.84
5527,0.06,170.93,5525.97,-3.57,10.85
5537,0.19,181.76,5535.97,-3.59,10.85
5547,0.27,157.9,5545.97,-3.63,10.86
5557,0.38,146.55,5555.97,-3.68,10.88
5567,0.5,140.39,5565.97,-3.74,10.93
5577,0.62,136.61,5575.97,-3.81,10.99
5587,0.75,134.07,5585.97,-3.89,11.08
5597,0.87,132.26,5595.97,-3.99,11.18
5607,1,130.9,5605.97,-4.1,11.3
5617,1.12,129.84,5615.97,-4.22,11.44
5627,1.25,129,5625.97,-4.35,11.6
5637,1.36,127.86,5635.96,-4.49,11.78
5647,1.44,125.27,5645.96,-4.64,11.98
5657,1.52,122.96,5655.96,-4.78,12.19
5667,1.61,120.88,5665.95,-4.93,12.43
5677,1.69,119.01,5675.95,-5.07,12.67
5687,1.78,117.32,5685.95,-5.21,12.94
5697,1.87,115.78,5695.94,-5.35,13.23
5707,1.95,114.39,5705.93,-5.5,13.53
5717,2.04,113.12,5715.93,-5.64,13.85
5727,2.11,112.36,5725.92,-5.78,14.18
5737,2.07,112.92,5735.92,-5.92,14.52
5747,2.04,113.5,5745.91,-6.06,14.85
5757,2,114.1,5755.9,-6.2,15.17
5767,1.96,114.72,5765.9,-6.34,15.48
5777,1.93,115.37,5775.89,-6.49,15.79
5787,1.9,116.03,5785.89,-6.63,16.09
5797,1.86,116.73,5795.88,-6.78,16.39
5807,1.83,117.45,5805.87,-6.92,16.67
5817,1.79,118.19,5815.87,-7.07,16.95
5827,1.86,116.32,5825.86,-7.22,17.24
5837,1.99,113.39,5835.86,-7.36,17.54
5847,2.12,110.82,5845.85,-7.49,17.87
5857,2.26,108.55,5855.85,-7.62,18.23
5867,2.4,106.55,5865.84,-7.74,18.62
5877,2.54,104.77,5875.83,-7.86,19.04
5887,2.68,103.18,5885.82,-7.97,19.48
5897,2.83,101.75,5895.81,-8.07,19.95
5907,2.98,100.47,5905.79,-8.17,20.44
5917,3.22,99.27,5915.78,-8.26,20.98
5927,3.83,97.79,5925.76,-8.35,21.58
5937,4.44,96.72,5935.73,-8.44,22.3
5947,5.05,95.91,5945.7,-8.53,23.12
5957,5.67,95.27,5955.66,-8.63,24.05
5967,6.29,94.76,5965.6,-8.72,25.09
5977,6.9,94.34,5975.53,-8.81,26.23
5987,7.52,93.99,5985.46,-8.9,27.49
5997,8.14,93.69,5995.36,-8.99,28.85
6007,8.75,93.43,6005.25,-9.08,30.31
6017,9.37,93.21,6015.13,-9.17,31.88
6027,9.99,93.01,6024.99,-9.26,33.56
6037,10.6,92.84,6034.83,-9.35,35.35
6047,11.22,92.68,6044.64,-9.44,37.24
6057,11.84,92.54,6054.44,-9.54,39.23
6067,12.46,92.42,6064.22,-9.63,41.34
6077,13.07,92.3,6073.97,-9.72,43.54
6087,13.69,92.2,6083.7,-9.81,45.86
6097,14.31,92.11,6093.4,-9.9,48.27
6107,14.85,92.48,6103.08,-10,50.79
6117,15.13,94.05,6112.74,-10.15,53.37
6127,15.43,95.56,6122.39,-10.37,56
6137,15.73,97.02,6132.02,-10.66,58.67
6147,16.04,98.42,6141.64,-11.03,61.38
6157,16.36,99.77,6151.24,-11.47,64.13
6167,16.69,101.07,6160.83,-11.99,66.93
6177,17.03,102.32,6170.4,-12.58,69.77
6187,17.37,103.52,6179.95,-13.24,72.65
6197,17.72,104.68,6189.49,-13.97,75.58
6207,17.86,104.94,6199.01,-14.75,78.53
6217,17.99,105.1,6208.52,-15.55,81.5
6227,18.13,105.27,6218.03,-16.36,84.49
6237,18.26,105.44,6227.53,-17.19,87.51
6247,18.38,105.62,6237.02,-18.03,90.53
6257,18.39,105.91,6246.51,-18.89,93.57
6267,18.39,106.2,6256,-19.76,96.6
6277,18.29,106.44,6265.49,-20.64,99.62
6287,18.21,106.73,6274.99,-21.54,102.62
6297,18.14,106.96,6284.49,-22.44,105.61
6307,17.95,107.64,6294,-23.36,108.57
6317,17.7,108.18,6303.52,-24.3,111.48
6327,17.59,108.98,6313.05,-25.27,114.35
6337,17.45,109.58,6322.59,-26.26,117.19
6347,17.39,110.07,6332.13,-27.28,120.01
6357,17.38,110.41,6341.67,-28.31,122.81
6367,17.32,110.72,6351.21,-29.36,125.6
6377,17.55,111,6360.76,-30.43,128.4
6387,17.87,111.26,6370.28,-31.52,131.24
6397,18.84,111.6,6379.77,-32.67,134.17
6407,19.62,111.9,6389.21,-33.9,137.23
6417,20.26,112.17,6398.62,-35.17,140.39
6427,20.69,112.57,6407.98,-36.51,143.63
6437,20.94,112.89,6417.33,-37.88,146.91
6447,21.1,113.11,6426.67,-39.28,150.21
6457,21.45,113.28,6435.98,-40.71,153.54
6467,21.94,113.43,6445.28,-42.18,156.94
6477,22.43,113.57,6454.53,-43.68,160.4
6487,22.82,113.85,6463.77,-45.23,163.92
6497,23.07,114.51,6472.97,-46.83,167.48
6507,23.29,115.06,6482.17,-48.48,171.05
6517,23.56,115.51,6491.34,-50.17,174.65
6527,24.08,115.61,6500.49,-51.92,178.29
6537,24.83,115.58,6509.59,-53.7,182.02
6547,25.53,115.62,6518.64,-55.54,185.86
6557,26.28,115.65,6527.64,-57.43,189.8
6567,27.19,115.58,6536.57,-59.38,193.85
6577,28.16,115.37,6545.43,-61.38,198.05
6587,28.6,115.2,6554.22,-63.41,202.35
6597,28.74,115.11,6563,-65.44,206.69
6607,28.98,114.98,6571.76,-67.49,211.06
6617,29.48,114.72,6580.48,-69.54,215.49
6627,30.08,114.42,6589.16,-71.61,220.01
6637,30.88,114.12,6597.78,-73.69,224.63
6647,31.63,113.78,6606.33,-75.8,229.37
6657,32.41,113.19,6614.81,-77.91,234.24
6667,33.19,112.51,6623.21,-80.01,239.23
6677,34.4,111.33,6631.52,-82.09,244.39
6687,35.07,110.58,6639.74,-84.12,249.71
6697,35.42,109.97,6647.91,-86.12,255.12
6707,35.81,109.5,6656.04,-88.09,260.61
6717,36.14,109.05,6664.13,-90.03,266.15
6727,36.58,108.38,6672.18,-91.93,271.77
6737,37.15,107.37,6680.18,-93.77,277.47
6747,37.72,106.36,6688.12,-95.54,283.29
6757,38.24,105.52,6696.01,-97.23,289.21
6767,39.14,104.36,6703.81,-98.84,295.25
6777,39.56,103.1,6711.54,-100.34,301.41
6787,39.85,102.29,6719.24,-101.74,307.64
6797,40.2,101.75,6726.9,-103.08,313.93
6807,40.35,101.44,6734.53,-104.38,320.26
6817,40.87,101.13,6742.12,-105.66,326.65
6827,41.59,100.87,6749.64,-106.91,333.12
6837,42.46,100.59,6757.07,-108.16,339.69
6847,43.24,100.39,6764.4,-109.4,346.38
6857,44.22,100.23,6771.62,-110.64,353.18
6867,45.11,100.02,6778.74,-111.87,360.1
6877,45.59,100.03,6785.76,-113.11,367.11
6887,45.94,100.12,6792.74,-114.36,374.16
6897,46.42,100.11,6799.66,-115.63,381.26
6907,46.97,100,6806.52,-116.9,388.43
6917,47.58,99.93,6813.31,-118.17,395.66
6927,48.11,99.88,6820.02,-119.45,402.97
6937,48.66,99.89,6826.66,-120.73,410.33
6947,49.11,99.97,6833.23,-122.03,417.75
6957,49.78,100.06,6839.74,-123.35,425.24
6967,50.57,100.25,6846.14,-124.71,432.8
6977,51.25,100.41,6852.45,-126.1,440.43
6987,52,100.57,6858.65,-127.52,448.14
6997,52.69,100.72,6864.76,-128.99,455.92
7007,53.14,100.86,6870.79,-130.48,463.76
7017,54.01,100.93,6876.73,-132,471.66
7027,54.65,101.02,6882.56,-133.55,479.63
7037,55.19,101.15,6888.31,-135.12,487.66
7047,55.93,101.38,6893.96,-136.73,495.75
7057,56.46,101.78,6899.53,-138.4,503.89
7067,56.92,102.04,6905.02,-140.13,512.07
7077,57.3,102.22,6910.45,-141.89,520.28
7087,58.09,102.39,6915.79,-143.69,528.54
7097,58.37,102.47,6921.06,-145.52,536.84
7107,58.62,102.55,6926.29,-147.37,545.16
7117,58.79,102.58,6931.48,-149.23,553.5
7127,58.85,102.58,6936.66,-151.09,561.85
7137,59.18,102.6,6941.81,-152.96,570.22
7147,59.83,102.58,6946.88,-154.84,578.63
7157,60.49,102.54,6951.86,-156.72,587.1
7167,61.16,102.49,6956.73,-158.62,595.62
7177,61.71,102.45,6961.51,-160.51,604.2
7187,62.07,102.41,6966.22,-162.41,612.81
7197,62.08,102.25,6970.91,-164.3,621.44
7207,62.64,101.98,6975.55,-166.16,630.1
7217,63.42,101.76,6980.08,-167.99,638.82
7227,63.66,101.49,6984.54,-169.79,647.59
7237,64.27,101.43,6988.93,-171.58,656.4
7247,64.67,101.36,6993.24,-173.36,665.25
7257,64.94,101.41,6997.49,-175.15,674.12
7267,65.18,101.42,7001.71,-176.94,683
7277,65.19,101.43,7005.91,-178.74,691.9
7287,65.36,101.42,7010.09,-180.54,700.8
7297,65.84,101.36,7014.22,-182.34,709.73
7307,66.12,101.32,7018.29,-184.13,718.69
7317,66.28,101.3,7022.33,-185.93,727.66
7327,66.6,101.3,7026.32,-187.72,736.65
7337,66.77,101.29,7030.28,-189.52,745.65
7347,66.89,101.29,7034.22,-191.32,754.67
7357,67.06,101.32,7038.13,-193.13,763.69
7367,66.46,101.55,7042.07,-194.95,772.7
7377,67.49,101.64,7045.98,-196.8,781.72
7387,66.81,101.86,7049.87,-198.68,790.74
7397,66.16,102.17,7053.86,-200.58,799.71
7407,65.23,102.39,7057.97,-202.52,808.61
7417,64.75,102.57,7062.2,-204.48,817.46
7427,64.15,102.63,7066.51,-206.45,826.26
7437,64.43,102.69,7070.85,-208.42,835.05
7447,64.66,102.72,7075.15,-210.41,843.86
7457,65.22,102.75,7079.39,-212.41,852.7
7467,65.75,102.8,7083.53,-214.42,861.57
7477,66.18,102.85,7087.61,-216.45,870.48
7487,66.15,103.07,7091.65,-218.5,879.39
7497,65.6,103.43,7095.74,-220.59,888.27
7507,65.17,103.88,7099.9,-222.73,897.11
7517,65.72,104.35,7104.06,-224.95,905.93
7527,65.71,104.71,7108.17,-227.24,914.75
7537,64.48,105.01,7112.38,-229.57,923.52
7547,65.76,105.24,7116.59,-231.93,932.28
7557,65.63,105.45,7120.7,-234.34,941.07
7567,66.17,105.64,7124.79,-236.79,949.86
7577,66.87,105.77,7128.77,-239.27,958.69
7587,66.29,105.95,7132.75,-241.78,967.52
7597,65.05,106.17,7136.87,-244.3,976.27
7607,65.18,106.32,7141.07,-246.84,984.98
7617,65.42,106.55,7145.25,-249.41,993.7
7627,64.36,106.78,7149.5,-252.01,1002.37
7637,64.46,106.88,7153.82,-254.62,1011
7647,64.1,107.09,7158.15,-257.25,1019.62
7657,63.14,107.76,7162.6,-259.93,1028.17
7667,62.36,108.2,7167.18,-262.68,1036.62
7677,61.19,108.52,7171.91,-265.45,1044.99
7687,60.25,108.65,7176.8,-268.23,1053.25
7697,60.16,108.88,7181.77,-271.02,1061.47
7707,59.67,109.11,7186.78,-273.84,1069.65
7717,58.31,109.2,7191.93,-276.65,1077.75
7727,59.08,109.31,7197.13,-279.47,1085.81
7737,57.74,109.39,7202.36,-282.29,1093.85
7747,57.54,109.51,7207.72,-285.1,1101.82
7757,56.93,109.63,7213.13,-287.92,1109.74
7767,57.3,109.74,7218.56,-290.75,1117.65
7777,56.69,109.9,7224.01,-293.59,1125.54
7787,56.55,110.04,7229.51,-296.44,1133.38
7797,56.88,110.15,7235,-299.32,1141.23
7807,56.27,110.21,7240.5,-302.2,1149.07
7817,56.84,110.22,7246.02,-305.08,1156.9
7827,55.56,110.23,7251.58,-307.95,1164.7
7837,56.05,110.26,7257.2,-310.81,1172.46
7847,55.7,110.17,7262.81,-313.67,1180.22
7857,55.44,110.13,7268.46,-316.52,1187.97
7867,56.5,110.1,7274.06,-319.37,1195.75
7877,56.72,110,7279.56,-322.23,1203.59
7887,56.33,109.9,7285.08,-325.07,1211.43
7897,57.31,109.81,7290.55,-327.92,1219.3
7907,57.39,109.66,7295.95,-330.76,1227.23
7917,57.7,109.57,7301.31,-333.59,1235.18
7927,57.09,109.46,7306.7,-336.41,1243.12
7937,57.82,109.45,7312.08,-339.21,1251.07
7947,57.78,109.45,7317.41,-342.03,1259.05
7957,58.69,109.48,7322.67,-344.87,1267.06
7967,58.35,109.52,7327.89,-347.71,1275.1
7977,58.05,109.53,7333.16,-350.55,1283.11
7987,59.55,109.52,7338.34,-353.41,1291.17
7997,59.63,109.46,7343.41,-356.29,1299.3
8007,60.18,109.46,7348.42,-359.17,1307.46
8017,59.61,109.42,7353.44,-362.05,1315.62
8027,60.79,109.42,7358.41,-364.94,1323.8
8037,61.73,109.39,7363.21,-367.85,1332.07
8047,61.68,109.34,7367.95,-370.77,1340.38
8057,62.77,109.37,7372.61,-373.7,1348.73
8067,63.65,109.37,7377.12,-376.66,1357.15
8077,63.47,109.39,7381.57,-379.63,1365.59
8087,63.23,109.44,7386.06,-382.6,1374.02
8097,64.29,109.57,7390.48,-385.6,1382.48
8107,64.56,109.61,7394.8,-388.62,1390.98
8117,64.96,109.64,7399.06,-391.66,1399.5
8127,64.51,109.72,7403.33,-394.71,1408.01
8137,65.4,109.88,7407.56,-397.77,1416.54
8147,65.45,109.94,7411.72,-400.87,1425.09
8157,65.39,110.02,7415.88,-403.98,1433.63
8167,64.46,110.12,7420.12,-407.09,1442.14
8177,64.5,110.2,7424.43,-410.2,1450.61
8187,65.25,110.26,7428.67,-413.33,1459.11
8197,64.59,110.36,7432.91,-416.47,1467.6
8207,65.19,110.44,7437.16,-419.63,1476.09
8217,64.26,110.51,7441.43,-422.79,1484.56
8227,65.61,110.53,7445.66,-425.97,1493.04
8237,65.27,110.45,7449.82,-429.15,1501.56
8247,65.35,110.31,7454,-432.31,1510.08
8257,65.99,109.92,7458.12,-435.45,1518.64
8267,66.53,109.62,7462.14,-438.54,1527.25
8277,66.37,109.34,7466.14,-441.6,1535.89
8287,66.65,109.26,7470.12,-444.63,1544.55
8297,66.08,109.26,7474.13,-447.65,1553.2
8307,66.72,109.23,7478.14,-450.67,1561.85
8317,66.25,109.27,7482.13,-453.7,1570.51
8327,66.07,109.2,7486.17,-456.71,1579.14
8337,66.3,109.09,7490.2,-459.71,1587.78
8347,66.31,108.82,7494.22,-462.69,1596.44
8357,66.11,108.5,7498.26,-465.61,1605.11
8367,66.69,108.25,7502.26,-468.5,1613.81
8377,65.39,108.05,7506.32,-471.35,1622.49
8387,66.37,107.96,7510.41,-474.17,1631.17
8397,66.78,107.99,7514.38,-477,1639.9
8406.1,66.17,108.02,7518.02,-479.58,1647.84
8466,65.6,108.41,7542.49,-496.67,1699.77
8573,65.9,106.23,7586.44,-525.71,1792.9
8668,67.92,103.08,7623.7,-547.8,1877.43
8763,68.32,100.55,7659.11,-565.84,1963.71
8859,69.41,99.11,7693.73,-581.12,2051.93
8953,65.25,98.06,7729.95,-594.08,2137.68
9048,66.34,98,7768.9,-606.18,2223.47
9144,66.13,99.91,7807.59,-619.86,2310.26
9239,66.64,103.7,7845.66,-637.67,2395.44
9333,64.64,103.67,7884.43,-657.93,2478.64
9429,63.62,105.78,7926.32,-679.87,2562.17
9524,62.73,106.61,7969.19,-703.52,2643.58
9618,62.36,105.28,8012.53,-726.43,2723.79
9741,62.89,106.07,8069.09,-755.94,2828.95
9837,65.42,105.64,8110.93,-779.54,2912.05
9933,67.55,105.62,8149.23,-803.26,2996.82
10028,65.93,105.44,8186.75,-826.63,3080.91
10124,65.17,106.84,8226.48,-850.91,3164.85
10220,64.32,108.36,8267.44,-877.16,3247.61
10316,63.32,108.3,8309.8,-904.26,3329.39
10411,64.68,105.97,8351.45,-929.4,3410.98
10505,64.86,105.02,8391.51,-952.12,3492.92
10604,68.46,103.44,8430.73,-974.44,3581.01
10694,69.27,101.13,8463.19,-992.29,3663.03
10790,68,101.18,8498.16,-1009.59,3750.74
10886,68.6,101.44,8533.66,-1027.08,3838.21
10955,68.6,101.44,8558.83,-1039.83,3901.17
